IOS,Android Development,Web Development,UI/UX Design,Java Developer,Python Developer,Front-End Developer,Back-End Developer,Cyber-Security,DataBase Management,Machine Learning,IoT,Cloud Computing,Mobile Application Development,DevOps,CloudOps,Data Mining,C/C++,.Net,Business Analytics,Game Development,AI
iphone,android,nodejs,ui/ux design,java developer,beautifulsoup,html,php,cyber-security,database management,linear regression,arduino,cloud computing,iphone,,,,c,,charts,unity,machine learning
ios,android studio,node,designing,java,fabric,css,java,pentesting,oracle,keras,node mcu,aws,ios,,,,c++,,data analytics,,linear regression
apple store,mit app developer,angularjs,adobexd,hibernate,flask,photoshop,database,penetration test,mysql,tensorflow,gps module,amazon,apple store,,,,,,visualization,,keras
app,app,angular,figma,spring,ipython,coral,cloud,web penetration,firebase,k means,bolt iot,azure,app,,,,,,data visualization,,tensorflow
app development,play store,js,sketch,jdbc,python,designing,jdk,app penetration,postgresql,random forest,iot,google gloud,app development,,,,,,visualisation,,k means
app store,app store,javascript,illustrator,servlet,matplotlib,adobe,aws,reverse engineering,nosql,xgboost,embedded,gcp,app store,,,,,,data visualisation,,random forest
,app development,php,,applet,nose,adobexd,sdk,security,mangodb,svm,,,android,,,,,,analysis,,xgboost
,downloads,html,,advanced java,numpy,android studio,back-end developer,vulnerability,dynamodb,naïve bayes,,,android studio,,,,,,r programming,,svm
,,html5,,core java,pandas,xml,,,aws rdbs,pca,,,mit app developer,,,,,,,,naïve bayes
,,jquery,,jsp,pillow,front-end developer,,,rdbs,decision trees,,,app,,,,,,,,pca
,,web development,,android,pygame,,,,relational database,svd,,,play store,,,,,,,,decision trees
,,web,,multi threading,pyglet,,,,,ensemble models,,,app store,,,,,,,,svd
,,website,,,pygtk,,,,,boltzman machine,,,app development,,,,,,,,ensemble models
,,webapp,,,python library,,,,,,,,,,,,,,,,boltzman machine
,,.net,,,python standard library,,,,,,,,,,,,,,,,
,,mvc,,,spyder,,,,,,,,,,,,,,,,
,,django,,,anaconda,,,,,,,,,,,,,,,,
,,visual studio,,,idle,,,,,,,,,,,,,,,,
,,jsp,,,python developer,,,,,,,,,,,,,,,,
,,asp,,,,,,,,,,,,,,,,,,,
,,css,,,,,,,,,,,,,,,,,,,
